{"cameraMode":{"drawMode":0,"name":"Shaded","section":"Shading Mode"},"sceneLighting":true,"audioPlay":false,"sceneViewState":{"showFog":true,"showMaterialUpdate":true,"showSkybox":true,"showFlares":true,"showImageEffects":true,"showParticleSystems":true},"in2DMode":false,"pivot":{"x":5.793676853179932,"y":-3.9978151321411135,"z":96.68365478515625},"rotation":{"x":0.04646255820989609,"y":0.031175589188933374,"z":-0.0014505683211609722,"w":0.9984323978424072},"size":161.81613159179688,"orthographic":false}