{"cameraMode":{"drawMode":0,"name":"Shaded","section":"Shading Mode"},"sceneLighting":true,"audioPlay":false,"sceneViewState":{"showFog":true,"showMaterialUpdate":true,"showSkybox":true,"showFlares":true,"showImageEffects":true,"showParticleSystems":true},"in2DMode":false,"pivot":{"x":-1.8528788089752198,"y":16.893142700195314,"z":-0.9077339172363281},"rotation":{"x":0.00900204572826624,"y":-0.016785724088549615,"z":0.0001511603477410972,"w":0.9998186230659485},"size":47.00883865356445,"orthographic":false}