{"cameraMode":{"drawMode":0,"name":"Shaded","section":"Shading Mode"},"sceneLighting":true,"audioPlay":false,"sceneViewState":{"showFog":true,"showMaterialUpdate":true,"showSkybox":true,"showFlares":true,"showImageEffects":true,"showParticleSystems":true},"in2DMode":false,"pivot":{"x":-3.8163225650787355,"y":8.84290885925293,"z":7.425804138183594},"rotation":{"x":0.119686059653759,"y":0.02205125242471695,"z":-0.002658973913639784,"w":0.9925633072853088},"size":69.31370544433594,"orthographic":false}