{"cameraMode":{"drawMode":0,"name":"Shaded","section":"Shading Mode"},"sceneLighting":true,"audioPlay":false,"sceneViewState":{"showFog":true,"showMaterialUpdate":true,"showSkybox":true,"showFlares":true,"showImageEffects":true,"showParticleSystems":true},"in2DMode":false,"pivot":{"x":-42.279998779296878,"y":7.867423057556152,"z":-0.18262363970279694},"rotation":{"x":0.10927847772836685,"y":-0.010722383856773377,"z":0.0011788803385570646,"w":0.9939526915550232},"size":7.146999835968018,"orthographic":false}