{"cameraMode":{"drawMode":0,"name":"Shaded","section":"Shading Mode"},"sceneLighting":true,"audioPlay":false,"sceneViewState":{"showFog":true,"showMaterialUpdate":true,"showSkybox":true,"showFlares":true,"showImageEffects":true,"showParticleSystems":true},"in2DMode":false,"pivot":{"x":-3.8092501163482668,"y":-3.306568145751953,"z":93.76704406738281},"rotation":{"x":0.10927847772836685,"y":-0.010722383856773377,"z":0.0011788803385570646,"w":0.9939526915550232},"size":170.0038299560547,"orthographic":false}