{"cameraMode":{"drawMode":0,"name":"Shaded","section":"Shading Mode"},"sceneLighting":true,"audioPlay":false,"sceneViewState":{"showFog":true,"showMaterialUpdate":true,"showSkybox":true,"showFlares":true,"showImageEffects":true,"showParticleSystems":true},"in2DMode":false,"pivot":{"x":-2.1287431716918947,"y":18.755596160888673,"z":-1.2754058837890626},"rotation":{"x":0.06445498019456864,"y":-0.010764548555016518,"z":0.0006953427800908685,"w":0.9978623390197754},"size":55.04548263549805,"orthographic":false}