{"cameraMode":{"drawMode":0,"name":"Shaded","section":"Shading Mode"},"sceneLighting":true,"audioPlay":false,"sceneViewState":{"showFog":true,"showMaterialUpdate":true,"showSkybox":true,"showFlares":true,"showImageEffects":true,"showParticleSystems":true},"in2DMode":false,"pivot":{"x":12.908405303955079,"y":-19.35406494140625,"z":99.33856964111328},"rotation":{"x":0.0913110002875328,"y":0.03705022484064102,"z":-0.003399452893063426,"w":0.9951271414756775},"size":145.2904052734375,"orthographic":false}