{"cameraMode":{"drawMode":0,"name":"Shaded","section":"Shading Mode"},"sceneLighting":true,"audioPlay":false,"sceneViewState":{"showFog":true,"showMaterialUpdate":true,"showSkybox":true,"showFlares":true,"showImageEffects":true,"showParticleSystems":true},"in2DMode":false,"pivot":{"x":0.6051132678985596,"y":4.627872467041016,"z":0.7406818866729736},"rotation":{"x":0.128620907664299,"y":-0.019621513783931733,"z":0.0025454016868025066,"w":0.9914964437484741},"size":85.49017333984375,"orthographic":false}