{"cameraMode":{"drawMode":0,"name":"Shaded","section":"Shading Mode"},"sceneLighting":true,"audioPlay":false,"sceneViewState":{"showFog":true,"showMaterialUpdate":true,"showSkybox":true,"showFlares":true,"showImageEffects":true,"showParticleSystems":true},"in2DMode":false,"pivot":{"x":8.7753267288208,"y":-16.98934555053711,"z":84.2553939819336},"rotation":{"x":0.11657624691724777,"y":0.05183369293808937,"z":-0.006092296913266182,"w":0.9918095469474793},"size":115.68075561523438,"orthographic":false}