{"cameraMode":{"drawMode":0,"name":"Shaded","section":"Shading Mode"},"sceneLighting":true,"audioPlay":false,"sceneViewState":{"showFog":true,"showMaterialUpdate":true,"showSkybox":true,"showFlares":true,"showImageEffects":true,"showParticleSystems":true},"in2DMode":false,"pivot":{"x":-55.43625259399414,"y":-1.6800665855407715,"z":76.39854431152344},"rotation":{"x":0.02413313463330269,"y":-0.3227885365486145,"z":0.008233707398176194,"w":0.9461275935173035},"size":103.62605285644531,"orthographic":false}