{"cameraMode":{"drawMode":0,"name":"Shaded","section":"Shading Mode"},"sceneLighting":true,"audioPlay":false,"sceneViewState":{"showFog":true,"showMaterialUpdate":true,"showSkybox":true,"showFlares":true,"showImageEffects":true,"showParticleSystems":true},"in2DMode":false,"pivot":{"x":2.8320889472961427,"y":18.266353607177736,"z":-1.7246818542480469},"rotation":{"x":0.14199791848659516,"y":-0.018100818619132043,"z":0.002597060287371278,"w":0.989698052406311},"size":49.898494720458987,"orthographic":false}