{"cameraMode":{"drawMode":0,"name":"Shaded","section":"Shading Mode"},"sceneLighting":true,"audioPlay":false,"sceneViewState":{"showFog":true,"showMaterialUpdate":true,"showSkybox":true,"showFlares":true,"showImageEffects":true,"showParticleSystems":true},"in2DMode":false,"pivot":{"x":8.283788681030274,"y":-18.920597076416017,"z":86.588623046875},"rotation":{"x":0.13295429944992066,"y":0.047271888703107837,"z":-0.006348451599478722,"w":0.9899738430976868},"size":124.6905517578125,"orthographic":false}