{"cameraMode":{"drawMode":0,"name":"Shaded","section":"Shading Mode"},"sceneLighting":true,"audioPlay":false,"sceneViewState":{"showFog":true,"showMaterialUpdate":true,"showSkybox":true,"showFlares":true,"showImageEffects":true,"showParticleSystems":true},"in2DMode":false,"pivot":{"x":-0.05457043647766113,"y":-10.433090209960938,"z":88.83358764648438},"rotation":{"x":0.1301243156194687,"y":0.011612934991717339,"z":-0.0015241600340232254,"w":0.991428554058075},"size":153.28701782226563,"orthographic":false}